[ {   "model": "admin.logentry",   "pk": 1,   "fields": {     "action_time": "2026-03-30T10:52:42.051Z",     "user": 1,     "content_type": 9,     "object_id": "1",     "object_repr": "Louis owusu manful (Director)",     "action_flag": 1,     "change_message": "[{\"added\": {}}]"   } }, {   "model": "admin.logentry",   "pk": 2,   "fields": {     "action_time": "2026-03-31T10:58:46.422Z",     "user": 1,     "content_type": 9,     "object_id": "5",     "object_repr": "man (Admin)",     "action_flag": 1,     "change_message": "[{\"added\": {}}]"   } }, {   "model": "admin.logentry",   "pk": 3,   "fields": {     "action_time": "2026-03-31T10:59:59.595Z",     "user": 1,     "content_type": 4,     "object_id": "5",     "object_repr": "man",     "action_flag": 1,     "change_message": "[{\"added\": {}}]"   } }, {   "model": "admin.logentry",   "pk": 4,   "fields": {     "action_time": "2026-03-31T11:00:12.565Z",     "user": 1,     "content_type": 4,     "object_id": "5",     "object_repr": "man",     "action_flag": 2,     "change_message": "[{\"changed\": {\"fields\": [\"Superuser status\"]}}]"   } }, {   "model": "admin.logentry",   "pk": 5,   "fields": {     "action_time": "2026-03-31T11:00:27.821Z",     "user": 1,     "content_type": 9,     "object_id": "5",     "object_repr": "man (Admin)",     "action_flag": 2,     "change_message": "[{\"changed\": {\"fields\": [\"User\"]}}]"   } }, {   "model": "auth.user",   "pk": 1,   "fields": {     "password": "pbkdf2_sha256$1200000$DYiQFn8NmICxtQEqFdWvin$EqiAlBQql4c/R+L/5nRi/IAJUbiUT2fpt1vMbpiu+rQ=",     "last_login": "2026-03-31T11:31:48.125Z",     "is_superuser": true,     "username": "Louis",     "first_name": "",     "last_name": "",     "email": "lmanful0@gmail.com",     "is_staff": true,     "is_active": true,     "date_joined": "2026-03-30T10:47:35.656Z",     "groups": [],     "user_permissions": []   } }, {   "model": "auth.user",   "pk": 2,   "fields": {     "password": "pbkdf2_sha256$1200000$AhKM2L4vxMU7nwswbsRNPq$IcVA1d1HqWibo+3ke5X9uGOr5Qui6tCgfqlE9WHJngc=",     "last_login": "2026-03-31T09:17:03.829Z",     "is_superuser": false,     "username": "kev",     "first_name": "",     "last_name": "",     "email": "ademenakelvin@gmail.com",     "is_staff": false,     "is_active": true,     "date_joined": "2026-03-30T11:07:37.467Z",     "groups": [],     "user_permissions": []   } }, {   "model": "auth.user",   "pk": 3,   "fields": {     "password": "pbkdf2_sha256$1200000$zDeEDEBsPn4cZqWqjGMXBt$nQJQgeZXlLYMCrmpRh4I2UYrEM2wR9MfhMqNRDEgW00=",     "last_login": "2026-03-30T12:50:55.171Z",     "is_superuser": false,     "username": "kofi",     "first_name": "",     "last_name": "",     "email": "drommr956@gmail.com",     "is_staff": false,     "is_active": true,     "date_joined": "2026-03-30T11:35:51.935Z",     "groups": [],     "user_permissions": []   } }, {   "model": "auth.user",   "pk": 4,   "fields": {     "password": "pbkdf2_sha256$1200000$dGHMkB5dIu4OWihz2pxzRb$89cwFoi0blb/zugVs/Pdq72FvuLd+Rca0rd4gbpmsTo=",     "last_login": "2026-03-31T11:38:38.863Z",     "is_superuser": false,     "username": "ppbmed_django",     "first_name": "",     "last_name": "",     "email": "",     "is_staff": false,     "is_active": true,     "date_joined": "2026-03-30T16:38:41.611Z",     "groups": [],     "user_permissions": []   } }, {   "model": "auth.user",   "pk": 5,   "fields": {     "password": "pbkdf2_sha256$1200000$yn4pf2hQzrt3fQ1j0BRKuP$K1SiZg2T4JhoVqQfXo7OTU6N5HUX1K68oHuOg88yqGk=",     "last_login": "2026-03-31T11:05:22.922Z",     "is_superuser": true,     "username": "man",     "first_name": "",     "last_name": "",     "email": "",     "is_staff": false,     "is_active": true,     "date_joined": "2026-03-31T10:59:58Z",     "groups": [],     "user_permissions": []   } }, {   "model": "sessions.session",   "pk": "bptxpmxqvy82adhegdi1z9g6r6mul8st",   "fields": {     "session_data": ".eJxVjEEOwiAQRe_C2pApDGBduu8ZyMAMUjVtUtqV8e7apAvd_vfef6lI21rj1mSJI6uL6tTpd0uUHzLtgO803Wad52ldxqR3RR-06WFmeV4P9--gUqvfWjz2YL2xhdAXzoAFemOoL8l5x8F4gym4s4NsGYkFA3SYBbIwWGH1_gDO_jfG:1w7EGF:MDRUSZy9y-v7OIE9fT2xGYAb-HvPMbNWtvk96AU3Buo",     "expire_date": "2026-04-13T15:10:39.377Z"   } }, {   "model": "sessions.session",   "pk": "exgqucx62ggs6xsy2ew2wag418qc1mri",   "fields": {     "session_data": ".eJxVjEEOwiAQRe_C2pApDGBduu8ZyMAMUjVtUtqV8e7apAvd_vfef6lI21rj1mSJI6uL6tTpd0uUHzLtgO803Wad52ldxqR3RR-06WFmeV4P9--gUqvfWjz2YL2xhdAXzoAFemOoL8l5x8F4gym4s4NsGYkFA3SYBbIwWGH1_gDO_jfG:1w7E5t:xGKoxeBzTSnymJSttv16D2Y-rrENxajbGKANoe1D8lU",     "expire_date": "2026-04-13T14:59:57.327Z"   } }, {   "model": "sessions.session",   "pk": "fa1rr8aokja555masm4txp09ruojfxww",   "fields": {     "session_data": ".eJxVjMsKwjAQRf8lawlNMnm0S_d-Q5iZRBuVFppUEPHftdBNt_eccz_iibVF5FZepb1jq2JQ3kNvvYZwEhHXNsa15iWWJAYB4rAR8iNPG0h3nG6z5HlqSyG5KXKnVV7mlJ_n3T0cjFjHfx2wx6RtVmQsOCZvfAjGJ3fVKQBkZHDBJdORImatQiatDTsDyuYOjfj-AOlbQR8:1w7XSi:vZpLEsOSw8UR3tP2J6VAsil-BuOnAgDpF07AE3tivuc",     "expire_date": "2026-03-31T12:10:48.047Z"   } }, {   "model": "sessions.session",   "pk": "lv71hc7n7yumy0yj8vn2nt9muwpjyw81",   "fields": {     "session_data": "e30:1w7WAg:xmak6FKIYyieH1Gf9N4F0DfR0RwcJ8efW2jRt5ZgtKw",     "expire_date": "2026-03-31T10:48:06.079Z"   } }, {   "model": "sessions.session",   "pk": "lw0g1ai00fe7bd00caudii1umukjdze0",   "fields": {     "session_data": ".eJxVjMsOgjAQRf-la9MwtNMHS_d-QzMtg1QJJLSYGOO_Kwkbtveccz9iolIDpZpfub5DLaIDa7XH1jp1EYG2Ooat8BpyLzoB4rRFSk-ed9A_aL4vMi1zXXOUuyIPWuRt6Xm6Hu7pYKQy_mtvlUpI2rM2FB1qxW5AMM54YI6ppwg0RNBAykODpvW2MUweMVnSKL4_4UFA_w:1w7WIh:cvIs45ELtM6souNKV6Nc6VtCYGIT5sMRnNKGFYPUbBE",     "expire_date": "2026-03-31T10:56:23.774Z"   } }, {   "model": "sessions.session",   "pk": "qlp2z8j2duj76e56fslhzr2or05dukw8",   "fields": {     "session_data": ".eJxVjEEOwiAQRe_C2pApDGBduu8ZyMAMUjVtUtqV8e7apAvd_vfef6lI21rj1mSJI6uL6tTpd0uUHzLtgO803Wad52ldxqR3RR-06WFmeV4P9--gUqvfWjz2YL2xhdAXzoAFemOoL8l5x8F4gym4s4NsGYkFA3SYBbIwWGH1_gDO_jfG:1w7DpY:WqcdAFb9hCfhD0IvaGiwLEMg27KUF_dNmOWG57hKvfg",     "expire_date": "2026-04-13T14:43:04.539Z"   } }, {   "model": "coreapp.staff",   "pk": 1,   "fields": {     "user": 1,     "full_name": "kofi",     "role": "Director",     "department": null,     "email": null,     "is_active": true,     "is_archived": false,     "archived_at": null,     "created_at": "2026-03-30T10:52:42.049Z"   } }, {   "model": "coreapp.staff",   "pk": 2,   "fields": {     "user": 2,     "full_name": "Kelvin Seyram",     "role": "Staff",     "department": "pppp",     "email": "ademenakelvin@gmail.com",     "is_active": true,     "is_archived": false,     "archived_at": null,     "created_at": "2026-03-30T11:07:38.170Z"   } }, {   "model": "coreapp.staff",   "pk": 4,   "fields": {     "user": 4,     "full_name": "youngG",     "role": "Deputy Director",     "department": null,     "email": null,     "is_active": true,     "is_archived": false,     "archived_at": null,     "created_at": "2026-03-30T16:38:42.329Z"   } }, {   "model": "coreapp.staff",   "pk": 5,   "fields": {     "user": 5,     "full_name": "man",     "role": "Admin",     "department": null,     "email": null,     "is_active": true,     "is_archived": false,     "archived_at": null,     "created_at": "2026-03-31T10:58:46.419Z"   } }, {   "model": "coreapp.document",   "pk": 1,   "fields": {     "reference_id": "1234",     "subject": "jhoomo",     "description": "",     "direction": "Incoming",     "document_type": "letter",     "origin": "kk",     "destination": "kolo",     "assigned_to": 1,     "priority": "High",     "status": "Pending",     "date_received": "2026-03-30",     "due_date": null,     "attachment": "",     "department": null,     "is_archived": false,     "archived_at": null,     "created_at": "2026-03-30T12:38:08.512Z"   } }, {   "model": "coreapp.document",   "pk": 2,   "fields": {     "reference_id": "2220",     "subject": "jhoomo",     "description": "",     "direction": "Incoming",     "document_type": "letter",     "origin": "kk",     "destination": "kolo",     "assigned_to": null,     "priority": "Medium",     "status": "Pending",     "date_received": "2026-03-30",     "due_date": null,     "attachment": "",     "department": null,     "is_archived": false,     "archived_at": null,     "created_at": "2026-03-30T12:38:59.103Z"   } }, {   "model": "coreapp.document",   "pk": 3,   "fields": {     "reference_id": "6666",     "subject": "kknk",     "description": "",     "direction": "Incoming",     "document_type": "letter",     "origin": "kk",     "destination": "kolo",     "assigned_to": 1,     "priority": "Medium",     "status": "Pending",     "date_received": "2026-03-30",     "due_date": null,     "attachment": "",     "department": null,     "is_archived": false,     "archived_at": null,     "created_at": "2026-03-30T12:51:25.718Z"   } }, {   "model": "coreapp.document",   "pk": 4,   "fields": {     "reference_id": "0098",     "subject": "lko",     "description": "",     "direction": "Incoming",     "document_type": "8877",     "origin": "klihj",     "destination": "bhbj",     "assigned_to": 1,     "priority": "Medium",     "status": "Pending",     "date_received": "2026-03-30",     "due_date": null,     "attachment": "",     "department": null,     "is_archived": false,     "archived_at": null,     "created_at": "2026-03-30T14:57:23.397Z"   } }, {   "model": "coreapp.document",   "pk": 5,   "fields": {     "reference_id": "men",     "subject": "jhoomo",     "description": "",     "direction": "Incoming",     "document_type": null,     "origin": "mmm",     "destination": "gg",     "assigned_to": 1,     "priority": "Medium",     "status": "Pending",     "date_received": "2026-03-30",     "due_date": null,     "attachment": "",     "department": null,     "is_archived": false,     "archived_at": null,     "created_at": "2026-03-30T14:58:29.727Z"   } }, {   "model": "coreapp.documentrouting",   "pk": 1,   "fields": {     "document": 3,     "from_officer": 1,     "to_officer": 2,     "action": "Assigned",     "note": "",     "attachment": "",     "action_date": "2026-03-30T12:52:55.251Z"   } }, {   "model": "coreapp.documentrouting",   "pk": 2,   "fields": {     "document": 3,     "from_officer": 1,     "to_officer": 2,     "action": "Assigned",     "note": "",     "attachment": "",     "action_date": "2026-03-30T13:27:06.941Z"   } }, {   "model": "coreapp.documentrouting",   "pk": 3,   "fields": {     "document": 3,     "from_officer": 2,     "to_officer": 2,     "action": "Returned",     "note": "",     "attachment": "routing_attachments/Screenshot_2026-03-19_144303.png",     "action_date": "2026-03-30T16:03:12.951Z"   } }, {   "model": "coreapp.documentrouting",   "pk": 4,   "fields": {     "document": 5,     "from_officer": 2,     "to_officer": 1,     "action": "Returned",     "note": "done",     "attachment": "routing_attachments/Screenshot_2026-03-19_144146.png",     "action_date": "2026-03-30T16:04:05.919Z"   } }, {   "model": "coreapp.documentrouting",   "pk": 5,   "fields": {     "document": 3,     "from_officer": 2,     "to_officer": 1,     "action": "Returned",     "note": "dobe",     "attachment": "routing_attachments/Screenshot_2026-03-19_144303_6STEHG0.png",     "action_date": "2026-03-30T16:04:41.834Z"   } }, {   "model": "coreapp.notification",   "pk": 1,   "fields": {     "recipient": 2,     "document": 3,     "message": "Document 6666 was assigned to you.",     "notification_type": "assignment",     "is_read": true,     "created_at": "2026-03-30T13:27:06.954Z"   } }, {   "model": "coreapp.notification",   "pk": 2,   "fields": {     "recipient": 1,     "document": 4,     "message": "Document 0098 was saved successfully.",     "notification_type": "general",     "is_read": true,     "created_at": "2026-03-30T14:57:23.405Z"   } }, {   "model": "coreapp.notification",   "pk": 3,   "fields": {     "recipient": 2,     "document": 5,     "message": "Document men was saved successfully.",     "notification_type": "general",     "is_read": true,     "created_at": "2026-03-30T14:58:29.736Z"   } }, {   "model": "coreapp.notification",   "pk": 4,   "fields": {     "recipient": 2,     "document": 3,     "message": "Document 6666 was returned to you.",     "notification_type": "returned",     "is_read": true,     "created_at": "2026-03-30T16:03:12.964Z"   } }, {   "model": "coreapp.notification",   "pk": 5,   "fields": {     "recipient": 1,     "document": 5,     "message": "Document men was returned to you.",     "notification_type": "returned",     "is_read": true,     "created_at": "2026-03-30T16:04:05.931Z"   } }, {   "model": "coreapp.notification",   "pk": 6,   "fields": {     "recipient": 1,     "document": 3,     "message": "Document 6666 was returned to you.",     "notification_type": "returned",     "is_read": true,     "created_at": "2026-03-30T16:04:41.872Z"   } }, {   "model": "coreapp.systempreference",   "pk": 1,   "fields": {     "staff": 1,     "email_notifications": true,     "sound_alerts": true,     "dark_mode": true,     "updated_at": "2026-03-31T06:43:07.587Z"   } }, {   "model": "coreapp.systempreference",   "pk": 2,   "fields": {     "staff": 2,     "email_notifications": true,     "sound_alerts": true,     "dark_mode": true,     "updated_at": "2026-03-31T06:26:54.789Z"   } }, {   "model": "coreapp.systempreference",   "pk": 3,   "fields": {     "staff": 4,     "email_notifications": true,     "sound_alerts": true,     "dark_mode": false,     "updated_at": "2026-03-31T04:22:01.615Z"   } }, {   "model": "coreapp.systempreference",   "pk": 4,   "fields": {     "staff": 5,     "email_notifications": true,     "sound_alerts": true,     "dark_mode": false,     "updated_at": "2026-03-31T11:06:37.884Z"   } }, {   "model": "coreapp.loginhistory",   "pk": 1,   "fields": {     "staff": 1,     "event_type": "login",     "username": "Louis",     "role": "Director",     "ip_address": "127.0.0.1",     "user_agent": "Mozilla/5.0 (Windows NT 10.0; Win64; x64) AppleWebKit/537.36 (KHTML, like Gecko) Chrome/146.0.0.0 Safari/537.36",     "logged_in_at": "2026-03-31T07:40:22.388Z"   } }, {   "model": "coreapp.loginhistory",   "pk": 2,   "fields": {     "staff": 2,     "event_type": "login",     "username": "kev",     "role": "Staff",     "ip_address": "127.0.0.1",     "user_agent": "Mozilla/5.0 (Windows NT 10.0; Win64; x64) AppleWebKit/537.36 (KHTML, like Gecko) Chrome/146.0.0.0 Safari/537.36",     "logged_in_at": "2026-03-31T07:41:33.492Z"   } }, {   "model": "coreapp.loginhistory",   "pk": 3,   "fields": {     "staff": 1,     "event_type": "login",     "username": "Louis",     "role": "Director",     "ip_address": "127.0.0.1",     "user_agent": "Mozilla/5.0 (Windows NT 10.0; Win64; x64) AppleWebKit/537.36 (KHTML, like Gecko) Chrome/146.0.0.0 Safari/537.36",     "logged_in_at": "2026-03-31T07:41:45.514Z"   } }, {   "model": "coreapp.loginhistory",   "pk": 4,   "fields": {     "staff": 1,     "event_type": "login",     "username": "Louis",     "role": "Director",     "ip_address": "127.0.0.1",     "user_agent": "Mozilla/5.0 (Windows NT 10.0; Win64; x64) AppleWebKit/537.36 (KHTML, like Gecko) Chrome/146.0.0.0 Safari/537.36",     "logged_in_at": "2026-03-31T07:44:58.407Z"   } }, {   "model": "coreapp.loginhistory",   "pk": 5,   "fields": {     "staff": 1,     "event_type": "logout",     "username": "Louis",     "role": "Director",     "ip_address": "127.0.0.1",     "user_agent": "Mozilla/5.0 (Windows NT 10.0; Win64; x64) AppleWebKit/537.36 (KHTML, like Gecko) Chrome/146.0.0.0 Safari/537.36",     "logged_in_at": "2026-03-31T07:45:14.829Z"   } }, {   "model": "coreapp.loginhistory",   "pk": 6,   "fields": {     "staff": 2,     "event_type": "login",     "username": "kev",     "role": "Staff",     "ip_address": "127.0.0.1",     "user_agent": "Mozilla/5.0 (Windows NT 10.0; Win64; x64) AppleWebKit/537.36 (KHTML, like Gecko) Chrome/146.0.0.0 Safari/537.36",     "logged_in_at": "2026-03-31T07:45:22.221Z"   } }, {   "model": "coreapp.loginhistory",   "pk": 7,   "fields": {     "staff": 2,     "event_type": "logout",     "username": "kev",     "role": "Staff",     "ip_address": "127.0.0.1",     "user_agent": "Mozilla/5.0 (Windows NT 10.0; Win64; x64) AppleWebKit/537.36 (KHTML, like Gecko) Chrome/146.0.0.0 Safari/537.36",     "logged_in_at": "2026-03-31T07:45:26.007Z"   } }, {   "model": "coreapp.loginhistory",   "pk": 8,   "fields": {     "staff": 1,     "event_type": "login",     "username": "Louis",     "role": "Director",     "ip_address": "127.0.0.1",     "user_agent": "Mozilla/5.0 (Windows NT 10.0; Win64; x64) AppleWebKit/537.36 (KHTML, like Gecko) Chrome/146.0.0.0 Safari/537.36",     "logged_in_at": "2026-03-31T07:45:31.597Z"   } }, {   "model": "coreapp.loginhistory",   "pk": 9,   "fields": {     "staff": 1,     "event_type": "login",     "username": "Louis",     "role": "Director",     "ip_address": "127.0.0.1",     "user_agent": "Mozilla/5.0 (Windows NT 10.0; Win64; x64) AppleWebKit/537.36 (KHTML, like Gecko) Chrome/146.0.0.0 Safari/537.36",     "logged_in_at": "2026-03-31T07:57:28.829Z"   } }, {   "model": "coreapp.loginhistory",   "pk": 10,   "fields": {     "staff": 1,     "event_type": "login",     "username": "Louis",     "role": "Director",     "ip_address": "127.0.0.1",     "user_agent": "Mozilla/5.0 (Windows NT 10.0; Win64; x64) AppleWebKit/537.36 (KHTML, like Gecko) Chrome/146.0.0.0 Safari/537.36",     "logged_in_at": "2026-03-31T08:01:42.322Z"   } }, {   "model": "coreapp.loginhistory",   "pk": 11,   "fields": {     "staff": 1,     "event_type": "logout",     "username": "Louis",     "role": "Director",     "ip_address": "127.0.0.1",     "user_agent": "Mozilla/5.0 (Windows NT 10.0; Win64; x64) AppleWebKit/537.36 (KHTML, like Gecko) Chrome/146.0.0.0 Safari/537.36",     "logged_in_at": "2026-03-31T08:04:00.440Z"   } }, {   "model": "coreapp.loginhistory",   "pk": 12,   "fields": {     "staff": 1,     "event_type": "login",     "username": "Louis",     "role": "Director",     "ip_address": "127.0.0.1",     "user_agent": "Mozilla/5.0 (Windows NT 10.0; Win64; x64) AppleWebKit/537.36 (KHTML, like Gecko) Chrome/146.0.0.0 Safari/537.36",     "logged_in_at": "2026-03-31T08:08:00.361Z"   } }, {   "model": "coreapp.loginhistory",   "pk": 13,   "fields": {     "staff": 1,     "event_type": "logout",     "username": "Louis",     "role": "Director",     "ip_address": "127.0.0.1",     "user_agent": "Mozilla/5.0 (Windows NT 10.0; Win64; x64) AppleWebKit/537.36 (KHTML, like Gecko) Chrome/146.0.0.0 Safari/537.36",     "logged_in_at": "2026-03-31T08:21:58.795Z"   } }, {   "model": "coreapp.loginhistory",   "pk": 14,   "fields": {     "staff": 2,     "event_type": "login",     "username": "kev",     "role": "Staff",     "ip_address": "127.0.0.1",     "user_agent": "Mozilla/5.0 (Windows NT 10.0; Win64; x64) AppleWebKit/537.36 (KHTML, like Gecko) Chrome/146.0.0.0 Safari/537.36",     "logged_in_at": "2026-03-31T08:22:07.697Z"   } }, {   "model": "coreapp.loginhistory",   "pk": 15,   "fields": {     "staff": 4,     "event_type": "login",     "username": "ppbmed_django",     "role": "Deputy Director",     "ip_address": "127.0.0.1",     "user_agent": "Mozilla/5.0 (Windows NT 10.0; Win64; x64) AppleWebKit/537.36 (KHTML, like Gecko) Chrome/146.0.0.0 Safari/537.36",     "logged_in_at": "2026-03-31T08:24:55.624Z"   } }, {   "model": "coreapp.loginhistory",   "pk": 16,   "fields": {     "staff": 1,     "event_type": "login",     "username": "Louis",     "role": "Director",     "ip_address": "127.0.0.1",     "user_agent": "Mozilla/5.0 (Windows NT 10.0; Win64; x64) AppleWebKit/537.36 (KHTML, like Gecko) Chrome/146.0.0.0 Safari/537.36",     "logged_in_at": "2026-03-31T08:35:42.321Z"   } }, {   "model": "coreapp.loginhistory",   "pk": 17,   "fields": {     "staff": 1,     "event_type": "login",     "username": "Louis",     "role": "Director",     "ip_address": "127.0.0.1",     "user_agent": "Mozilla/5.0 (Windows NT 10.0; Win64; x64) AppleWebKit/537.36 (KHTML, like Gecko) Chrome/146.0.0.0 Safari/537.36",     "logged_in_at": "2026-03-31T08:42:30.850Z"   } }, {   "model": "coreapp.loginhistory",   "pk": 18,   "fields": {     "staff": 1,     "event_type": "login",     "username": "Louis",     "role": "Director",     "ip_address": "127.0.0.1",     "user_agent": "Mozilla/5.0 (Windows NT 10.0; Win64; x64) AppleWebKit/537.36 (KHTML, like Gecko) Chrome/146.0.0.0 Safari/537.36",     "logged_in_at": "2026-03-31T08:45:19.750Z"   } }, {   "model": "coreapp.loginhistory",   "pk": 19,   "fields": {     "staff": 1,     "event_type": "login",     "username": "Louis",     "role": "Director",     "ip_address": "127.0.0.1",     "user_agent": "Mozilla/5.0 (Windows NT 10.0; Win64; x64) AppleWebKit/537.36 (KHTML, like Gecko) Chrome/146.0.0.0 Safari/537.36",     "logged_in_at": "2026-03-31T08:51:46.459Z"   } }, {   "model": "coreapp.loginhistory",   "pk": 20,   "fields": {     "staff": 2,     "event_type": "login",     "username": "kev",     "role": "Staff",     "ip_address": "127.0.0.1",     "user_agent": "Mozilla/5.0 (Windows NT 10.0; Win64; x64) AppleWebKit/537.36 (KHTML, like Gecko) Chrome/146.0.0.0 Safari/537.36",     "logged_in_at": "2026-03-31T09:17:03.834Z"   } }, {   "model": "coreapp.loginhistory",   "pk": 21,   "fields": {     "staff": 2,     "event_type": "logout",     "username": "kev",     "role": "Staff",     "ip_address": "127.0.0.1",     "user_agent": "Mozilla/5.0 (Windows NT 10.0; Win64; x64) AppleWebKit/537.36 (KHTML, like Gecko) Chrome/146.0.0.0 Safari/537.36",     "logged_in_at": "2026-03-31T09:17:15.270Z"   } }, {   "model": "coreapp.loginhistory",   "pk": 22,   "fields": {     "staff": 1,     "event_type": "login",     "username": "Louis",     "role": "Director",     "ip_address": "127.0.0.1",     "user_agent": "Mozilla/5.0 (Windows NT 10.0; Win64; x64) AppleWebKit/537.36 (KHTML, like Gecko) Chrome/146.0.0.0 Safari/537.36",     "logged_in_at": "2026-03-31T09:21:35.683Z"   } }, {   "model": "coreapp.loginhistory",   "pk": 23,   "fields": {     "staff": 1,     "event_type": "login",     "username": "Louis",     "role": "Director",     "ip_address": "127.0.0.1",     "user_agent": "Mozilla/5.0 (Windows NT 10.0; Win64; x64) AppleWebKit/537.36 (KHTML, like Gecko) Chrome/146.0.0.0 Safari/537.36",     "logged_in_at": "2026-03-31T09:23:42.846Z"   } }, {   "model": "coreapp.loginhistory",   "pk": 24,   "fields": {     "staff": 1,     "event_type": "login",     "username": "Louis",     "role": "Director",     "ip_address": "127.0.0.1",     "user_agent": "Mozilla/5.0 (Windows NT 10.0; Win64; x64) AppleWebKit/537.36 (KHTML, like Gecko) Chrome/146.0.0.0 Safari/537.36",     "logged_in_at": "2026-03-31T09:33:26.812Z"   } }, {   "model": "coreapp.loginhistory",   "pk": 25,   "fields": {     "staff": 1,     "event_type": "login",     "username": "Louis",     "role": "Director",     "ip_address": "127.0.0.1",     "user_agent": "Mozilla/5.0 (Windows NT 10.0; Win64; x64) AppleWebKit/537.36 (KHTML, like Gecko) Chrome/146.0.0.0 Safari/537.36",     "logged_in_at": "2026-03-31T10:03:46.406Z"   } }, {   "model": "coreapp.loginhistory",   "pk": 26,   "fields": {     "staff": 1,     "event_type": "login",     "username": "Louis",     "role": "Director",     "ip_address": "127.0.0.1",     "user_agent": "Mozilla/5.0 (Windows NT 10.0; Win64; x64) AppleWebKit/537.36 (KHTML, like Gecko) Chrome/146.0.0.0 Safari/537.36",     "logged_in_at": "2026-03-31T10:22:07.725Z"   } }, {   "model": "coreapp.loginhistory",   "pk": 27,   "fields": {     "staff": 1,     "event_type": "login",     "username": "Louis",     "role": "Director",     "ip_address": "127.0.0.1",     "user_agent": "Mozilla/5.0 (Windows NT 10.0; Win64; x64) AppleWebKit/537.36 (KHTML, like Gecko) Chrome/146.0.0.0 Safari/537.36",     "logged_in_at": "2026-03-31T10:24:54.273Z"   } }, {   "model": "coreapp.loginhistory",   "pk": 28,   "fields": {     "staff": 1,     "event_type": "logout",     "username": "Louis",     "role": "Director",     "ip_address": "127.0.0.1",     "user_agent": "Mozilla/5.0 (Windows NT 10.0; Win64; x64) AppleWebKit/537.36 (KHTML, like Gecko) Chrome/146.0.0.0 Safari/537.36",     "logged_in_at": "2026-03-31T10:26:16.980Z"   } }, {   "model": "coreapp.loginhistory",   "pk": 29,   "fields": {     "staff": 1,     "event_type": "login",     "username": "Louis",     "role": "Director",     "ip_address": "127.0.0.1",     "user_agent": "Mozilla/5.0 (Windows NT 10.0; Win64; x64) AppleWebKit/537.36 (KHTML, like Gecko) Chrome/146.0.0.0 Safari/537.36",     "logged_in_at": "2026-03-31T10:26:23.768Z"   } }, {   "model": "coreapp.loginhistory",   "pk": 30,   "fields": {     "staff": 1,     "event_type": "login",     "username": "Louis",     "role": "Director",     "ip_address": "127.0.0.1",     "user_agent": "Mozilla/5.0 (Windows NT 10.0; Win64; x64) AppleWebKit/537.36 (KHTML, like Gecko) Chrome/146.0.0.0 Safari/537.36",     "logged_in_at": "2026-03-31T10:26:23.828Z"   } }, {   "model": "coreapp.loginhistory",   "pk": 31,   "fields": {     "staff": 1,     "event_type": "login",     "username": "Louis",     "role": "Director",     "ip_address": "127.0.0.1",     "user_agent": "Mozilla/5.0 (Windows NT 10.0; Win64; x64) AppleWebKit/537.36 (KHTML, like Gecko) Chrome/146.0.0.0 Safari/537.36",     "logged_in_at": "2026-03-31T10:39:49.730Z"   } }, {   "model": "coreapp.loginhistory",   "pk": 32,   "fields": {     "staff": 1,     "event_type": "login",     "username": "Louis",     "role": "Director",     "ip_address": "127.0.0.1",     "user_agent": "Mozilla/5.0 (Windows NT 10.0; Win64; x64) AppleWebKit/537.36 (KHTML, like Gecko) Chrome/146.0.0.0 Safari/537.36",     "logged_in_at": "2026-03-31T10:54:03.564Z"   } }, {   "model": "coreapp.loginhistory",   "pk": 33,   "fields": {     "staff": 1,     "event_type": "login",     "username": "Louis",     "role": "Director",     "ip_address": "127.0.0.1",     "user_agent": "Mozilla/5.0 (Windows NT 10.0; Win64; x64) AppleWebKit/537.36 (KHTML, like Gecko) Chrome/146.0.0.0 Safari/537.36",     "logged_in_at": "2026-03-31T10:56:56.660Z"   } }, {   "model": "coreapp.loginhistory",   "pk": 34,   "fields": {     "staff": 1,     "event_type": "logout",     "username": "Louis",     "role": "Director",     "ip_address": "127.0.0.1",     "user_agent": "Mozilla/5.0 (Windows NT 10.0; Win64; x64) AppleWebKit/537.36 (KHTML, like Gecko) Chrome/146.0.0.0 Safari/537.36",     "logged_in_at": "2026-03-31T11:01:11.354Z"   } }, {   "model": "coreapp.loginhistory",   "pk": 35,   "fields": {     "staff": 5,     "event_type": "login",     "username": "man",     "role": "Admin",     "ip_address": "127.0.0.1",     "user_agent": "Mozilla/5.0 (Windows NT 10.0; Win64; x64) AppleWebKit/537.36 (KHTML, like Gecko) Chrome/146.0.0.0 Safari/537.36",     "logged_in_at": "2026-03-31T11:01:30.914Z"   } }, {   "model": "coreapp.loginhistory",   "pk": 36,   "fields": {     "staff": 5,     "event_type": "logout",     "username": "man",     "role": "Admin",     "ip_address": "127.0.0.1",     "user_agent": "Mozilla/5.0 (Windows NT 10.0; Win64; x64) AppleWebKit/537.36 (KHTML, like Gecko) Chrome/146.0.0.0 Safari/537.36",     "logged_in_at": "2026-03-31T11:02:11.901Z"   } }, {   "model": "coreapp.loginhistory",   "pk": 37,   "fields": {     "staff": 1,     "event_type": "login",     "username": "Louis",     "role": "Director",     "ip_address": "127.0.0.1",     "user_agent": "Mozilla/5.0 (Windows NT 10.0; Win64; x64) AppleWebKit/537.36 (KHTML, like Gecko) Chrome/146.0.0.0 Safari/537.36",     "logged_in_at": "2026-03-31T11:02:23.918Z"   } }, {   "model": "coreapp.loginhistory",   "pk": 38,   "fields": {     "staff": 1,     "event_type": "logout",     "username": "Louis",     "role": "Director",     "ip_address": "127.0.0.1",     "user_agent": "Mozilla/5.0 (Windows NT 10.0; Win64; x64) AppleWebKit/537.36 (KHTML, like Gecko) Chrome/146.0.0.0 Safari/537.36",     "logged_in_at": "2026-03-31T11:05:15.906Z"   } }, {   "model": "coreapp.loginhistory",   "pk": 39,   "fields": {     "staff": 5,     "event_type": "login",     "username": "man",     "role": "Admin",     "ip_address": "127.0.0.1",     "user_agent": "Mozilla/5.0 (Windows NT 10.0; Win64; x64) AppleWebKit/537.36 (KHTML, like Gecko) Chrome/146.0.0.0 Safari/537.36",     "logged_in_at": "2026-03-31T11:05:22.930Z"   } }, {   "model": "coreapp.loginhistory",   "pk": 40,   "fields": {     "staff": 5,     "event_type": "logout",     "username": "man",     "role": "Admin",     "ip_address": "127.0.0.1",     "user_agent": "Mozilla/5.0 (Windows NT 10.0; Win64; x64) AppleWebKit/537.36 (KHTML, like Gecko) Chrome/146.0.0.0 Safari/537.36",     "logged_in_at": "2026-03-31T11:31:39.482Z"   } }, {   "model": "coreapp.loginhistory",   "pk": 41,   "fields": {     "staff": 1,     "event_type": "login",     "username": "Louis",     "role": "Director",     "ip_address": "127.0.0.1",     "user_agent": "Mozilla/5.0 (Windows NT 10.0; Win64; x64) AppleWebKit/537.36 (KHTML, like Gecko) Chrome/146.0.0.0 Safari/537.36",     "logged_in_at": "2026-03-31T11:31:48.131Z"   } }, {   "model": "coreapp.loginhistory",   "pk": 42,   "fields": {     "staff": 1,     "event_type": "logout",     "username": "Louis",     "role": "Director",     "ip_address": "127.0.0.1",     "user_agent": "Mozilla/5.0 (Windows NT 10.0; Win64; x64) AppleWebKit/537.36 (KHTML, like Gecko) Chrome/146.0.0.0 Safari/537.36",     "logged_in_at": "2026-03-31T11:38:31.561Z"   } }, {   "model": "coreapp.loginhistory",   "pk": 43,   "fields": {     "staff": 4,     "event_type": "login",     "username": "ppbmed_django",     "role": "Deputy Director",     "ip_address": "127.0.0.1",     "user_agent": "Mozilla/5.0 (Windows NT 10.0; Win64; x64) AppleWebKit/537.36 (KHTML, like Gecko) Chrome/146.0.0.0 Safari/537.36",     "logged_in_at": "2026-03-31T11:38:38.871Z"   } }, {   "model": "coreapp.auditlog",   "pk": 1,   "fields": {     "actor": 1,     "action": "Attachment Downloaded",     "target_type": "Routing",     "target_label": "6666",     "details": "Downloaded routing attachment for action Returned.",     "created_at": "2026-03-31T08:08:23.130Z"   } }, {   "model": "coreapp.auditlog",   "pk": 2,   "fields": {     "actor": 1,     "action": "Attachment Downloaded",     "target_type": "Routing",     "target_label": "men",     "details": "Downloaded routing attachment for action Returned.",     "created_at": "2026-03-31T08:08:28.464Z"   } }, {   "model": "coreapp.auditlog",   "pk": 3,   "fields": {     "actor": 1,     "action": "Staff Updated",     "target_type": "Staff",     "target_label": "Kelvin Seyram",     "details": "Updated staff profile. Role: Staff. Active: True.",     "created_at": "2026-03-31T08:47:45.746Z"   } }, {   "model": "coreapp.auditlog",   "pk": 4,   "fields": {     "actor": 1,     "action": "Staff Deleted",     "target_type": "Staff",     "target_label": "kofi manful",     "details": "Deleted staff profile kofi manful.",     "created_at": "2026-03-31T08:48:28.553Z"   } }, {   "model": "coreapp.auditlog",   "pk": 5,   "fields": {     "actor": 1,     "action": "Two-Factor Challenge Sent",     "target_type": "Authentication",     "target_label": "Louis",     "details": "Username: Louis. IP: 127.0.0.1. User agent: Mozilla/5.0 (Windows NT 10.0; Win64; x64) AppleWebKit/537.36 (KHTML, like Gecko) Chrome/146.0.0.0 Safari/537.36",     "created_at": "2026-03-31T09:15:26.071Z"   } }, {   "model": "coreapp.auditlog",   "pk": 6,   "fields": {     "actor": null,     "action": "Login Failed",     "target_type": "Authentication",     "target_label": "louis",     "details": "Username: louis. IP: 127.0.0.1. User agent: Mozilla/5.0 (Windows NT 10.0; Win64; x64) AppleWebKit/537.36 (KHTML, like Gecko) Chrome/146.0.0.0 Safari/537.36",     "created_at": "2026-03-31T09:16:53.030Z"   } }, {   "model": "coreapp.auditlog",   "pk": 7,   "fields": {     "actor": 1,     "action": "Two-Factor Challenge Sent",     "target_type": "Authentication",     "target_label": "Louis",     "details": "Username: Louis. IP: 127.0.0.1. User agent: Mozilla/5.0 (Windows NT 10.0; Win64; x64) AppleWebKit/537.36 (KHTML, like Gecko) Chrome/146.0.0.0 Safari/537.36",     "created_at": "2026-03-31T09:17:20.216Z"   } }, {   "model": "coreapp.auditlog",   "pk": 8,   "fields": {     "actor": 1,     "action": "Two-Factor Verified",     "target_type": "Authentication",     "target_label": "Louis",     "details": "Two-factor verification completed successfully from IP 127.0.0.1.",     "created_at": "2026-03-31T09:21:35.689Z"   } }, {   "model": "coreapp.auditlog",   "pk": 9,   "fields": {     "actor": 1,     "action": "Two-Factor Challenge Sent",     "target_type": "Authentication",     "target_label": "Louis",     "details": "Username: Louis. IP: 127.0.0.1. User agent: Mozilla/5.0 (Windows NT 10.0; Win64; x64) AppleWebKit/537.36 (KHTML, like Gecko) Chrome/146.0.0.0 Safari/537.36",     "created_at": "2026-03-31T09:23:19.467Z"   } }, {   "model": "coreapp.auditlog",   "pk": 10,   "fields": {     "actor": 1,     "action": "Two-Factor Verified",     "target_type": "Authentication",     "target_label": "Louis",     "details": "Two-factor verification completed successfully from IP 127.0.0.1.",     "created_at": "2026-03-31T09:23:42.853Z"   } }, {   "model": "coreapp.auditlog",   "pk": 11,   "fields": {     "actor": 1,     "action": "Two-Factor Challenge Sent",     "target_type": "Authentication",     "target_label": "Louis",     "details": "Username: Louis. IP: 127.0.0.1. User agent: Mozilla/5.0 (Windows NT 10.0; Win64; x64) AppleWebKit/537.36 (KHTML, like Gecko) Chrome/146.0.0.0 Safari/537.36",     "created_at": "2026-03-31T09:33:04.252Z"   } }, {   "model": "coreapp.auditlog",   "pk": 12,   "fields": {     "actor": 1,     "action": "Two-Factor Verified",     "target_type": "Authentication",     "target_label": "Louis",     "details": "Two-factor verification completed successfully from IP 127.0.0.1.",     "created_at": "2026-03-31T09:33:26.819Z"   } }, {   "model": "coreapp.auditlog",   "pk": 13,   "fields": {     "actor": 1,     "action": "Test Email Sent",     "target_type": "Security",     "target_label": "lmanful0@gmail.com",     "details": "Sent SMTP verification email from the security checklist.",     "created_at": "2026-03-31T09:33:51.172Z"   } }, {   "model": "coreapp.auditlog",   "pk": 14,   "fields": {     "actor": 1,     "action": "Test Email Sent",     "target_type": "Security",     "target_label": "lmanful0@gmail.com",     "details": "Sent SMTP verification email from the security checklist.",     "created_at": "2026-03-31T09:37:36.156Z"   } }, {   "model": "coreapp.auditlog",   "pk": 15,   "fields": {     "actor": 1,     "action": "Test Email Sent",     "target_type": "Security",     "target_label": "lmanful0@gmail.com",     "details": "Sent SMTP verification email from the security checklist.",     "created_at": "2026-03-31T10:02:04.298Z"   } }, {   "model": "coreapp.auditlog",   "pk": 16,   "fields": {     "actor": 1,     "action": "Two-Factor Challenge Sent",     "target_type": "Authentication",     "target_label": "Louis",     "details": "Username: Louis. IP: 127.0.0.1. User agent: Mozilla/5.0 (Windows NT 10.0; Win64; x64) AppleWebKit/537.36 (KHTML, like Gecko) Chrome/146.0.0.0 Safari/537.36",     "created_at": "2026-03-31T10:03:05.650Z"   } }, {   "model": "coreapp.auditlog",   "pk": 17,   "fields": {     "actor": 1,     "action": "Two-Factor Verified",     "target_type": "Authentication",     "target_label": "Louis",     "details": "Two-factor verification completed successfully from IP 127.0.0.1.",     "created_at": "2026-03-31T10:03:46.412Z"   } }, {   "model": "coreapp.auditlog",   "pk": 18,   "fields": {     "actor": 1,     "action": "Test Email Sent",     "target_type": "Security",     "target_label": "lmanful0@gmail.com",     "details": "Sent SMTP verification email from the security checklist.",     "created_at": "2026-03-31T10:03:57.123Z"   } }, {   "model": "coreapp.auditlog",   "pk": 19,   "fields": {     "actor": 1,     "action": "Two-Factor Challenge Sent",     "target_type": "Authentication",     "target_label": "Louis",     "details": "Username: Louis. IP: 127.0.0.1. User agent: Mozilla/5.0 (Windows NT 10.0; Win64; x64) AppleWebKit/537.36 (KHTML, like Gecko) Chrome/146.0.0.0 Safari/537.36",     "created_at": "2026-03-31T10:21:14.987Z"   } }, {   "model": "coreapp.auditlog",   "pk": 20,   "fields": {     "actor": 1,     "action": "Two-Factor Verified",     "target_type": "Authentication",     "target_label": "Louis",     "details": "Two-factor verification completed successfully from IP 127.0.0.1.",     "created_at": "2026-03-31T10:22:07.731Z"   } }, {   "model": "coreapp.auditlog",   "pk": 21,   "fields": {     "actor": 1,     "action": "Staff Updated",     "target_type": "Staff",     "target_label": "Kelvin Seyram",     "details": "Updated staff profile. Role: Staff. Active: False.",     "created_at": "2026-03-31T10:41:37.082Z"   } }, {   "model": "coreapp.auditlog",   "pk": 22,   "fields": {     "actor": 1,     "action": "Staff Updated",     "target_type": "Staff",     "target_label": "Kelvin Seyram",     "details": "Updated staff profile. Role: Staff. Active: True.",     "created_at": "2026-03-31T10:41:47.840Z"   } } ]